Order_ID,Date,Product,Region,Quantity,Unit_Price,Revenue,Cost,Profit
ORD-1001,2026-01-01 00:00:00.000000000,Laptop Stand,Giza,1,75.0,75,58.05,16.95
ORD-1002,2026-01-02 12:18:09.075630252,USB Hub,Mansoura,5,75.0,375,286.93,88.07
ORD-1003,2026-01-04 00:36:18.151260504,Headset,Mansoura,1,25.0,25,15.32,9.68
ORD-1004,2026-01-05 12:54:27.226890756,Keyboard,Giza,5,75.0,375,259.99,115.01
ORD-1005,2026-01-07 01:12:36.302521008,Keyboard,Tanta,5,20.0,100,71.36,28.64
ORD-1006,2026-01-08 13:30:45.378151260,Webcam,Giza,1,40.0,40,31.37,8.63
ORD-1007,2026-01-10 01:48:54.453781512,Laptop Stand,Cairo,6,35.0,210,149.7,60.3
ORD-1008,2026-01-11 14:07:03.529411764,USB Hub,,3,30.0,90,59.53,30.47
ORD-1009,2026-01-13 02:25:12.605042016,Wireless Mouse,Giza,6,15.0,90,58.59,31.41
ORD-1010,2026-01-14 14:43:21.680672268,Laptop Stand,Mansoura,1,60.0,60,39.9,20.1
ORD-1011,2026-01-16 03:01:30.756302521,Headset,Giza,2,30.0,60,43.56,16.44
ORD-1012,2026-01-17 15:19:39.831932773,Webcam,Giza,4,50.0,200,156.84,43.16
ORD-1013,2026-01-19 03:37:48.907563025,USB Hub,Cairo,2,35.0,70,47.08,22.92
ORD-1014,2026-01-20 15:55:57.983193277,USB Hub,Giza,3,30.0,90,55.52,34.48
ORD-1015,2026-01-22 04:14:07.058823529,USB Hub,Mansoura,5,75.0,375,230.21,144.79
ORD-1016,2026-01-23 16:32:16.134453781,USB Hub,Alexandria,2,15.0,30,22.54,7.46
ORD-1017,2026-01-25 04:50:25.210084033,Headset,Mansoura,5,60.0,300,231.14,68.86
ORD-1018,2026-01-26 17:08:34.285714285,Laptop Stand,Cairo,1,60.0,60,34.71,25.29
ORD-1019,2026-01-28 05:26:43.361344537,Webcam,Alexandria,2,,60,34.08,25.92
ORD-1020,2026-01-29 17:44:52.436974790,Keyboard,Giza,5,25.0,125,88.81,36.19
ORD-1021,2026-01-31 06:03:01.512605042,Headset,Tanta,6,15.0,90,53.05,36.95
ORD-1022,2026-02-01 18:21:10.588235294,Keyboard,Alexandria,2,100.0,200,154.53,45.47
ORD-1023,2026-02-03 06:39:19.663865546,Wireless Mouse,Alexandria,3,100.0,300,190.14,109.86
ORD-1024,2026-02-04 18:57:28.739495798,Webcam,Giza,7,25.0,175,103.05,71.95
ORD-1025,2026-02-06 07:15:37.815126050,USB Hub,Tanta,7,15.0,105,83.86,21.14
ORD-1026,2026-02-07 19:33:46.890756302,Headset,Tanta,5,20.0,100,59.47,40.53
ORD-1027,2026-02-09 07:51:55.966386554,Keyboard,Cairo,4,15.0,60,37.61,22.39
ORD-1028,2026-02-10 20:10:05.042016806,USB Hub,Alexandria,3,75.0,225,133.08,91.92
ORD-1029,2026-02-12 08:28:14.117647058,Headset,Tanta,5,75.0,375,217.94,157.06
ORD-1030,2026-02-13 20:46:23.193277310,Keyboard,Cairo,5,20.0,100,55.57,44.43
ORD-1031,2026-02-15 09:04:32.268907563,Keyboard,Tanta,3,60.0,180,101.69,78.31
ORD-1032,2026-02-16 21:22:41.344537815,Wireless Mouse,Alexandria,1,20.0,20,11.94,8.06
ORD-1033,2026-02-18 09:40:50.420168067,Laptop Stand,Tanta,2,30.0,60,33.86,26.14
ORD-1034,2026-02-19 21:58:59.495798319,Headset,Alexandria,7,40.0,280,198.69,81.31
ORD-1035,2026-02-21 10:17:08.571428571,Webcam,Giza,3,60.0,180,132.08,47.92
ORD-1036,2026-02-22 22:35:17.647058823,Laptop Stand,Mansoura,4,75.0,300,196.88,103.12
ORD-1037,2026-02-24 10:53:26.722689075,Webcam,Cairo,4,15.0,60,38.15,21.85
ORD-1038,2026-02-25 23:11:35.798319327,USB Hub,Giza,6,20.0,120,82.35,37.65
ORD-1039,2026-02-27 11:29:44.873949580,Wireless Mouse,Giza,1,25.0,25,19.66,5.34
ORD-1040,2026-02-28 23:47:53.949579832,Headset,Mansoura,1,30.0,30,23.39,6.61
ORD-1041,2026-03-02 12:06:03.025210084,Laptop Stand,Tanta,2,100.0,200,112.35,87.65
ORD-1042,2026-03-04 00:24:12.100840336,USB Hub,Mansoura,4,60.0,240,143.76,96.24
ORD-1043,2026-03-05 12:42:21.176470588,USB Hub,Giza,5,30.0,150,92.09,57.91
ORD-1044,2026-03-07 01:00:30.252100840,Keyboard,,4,100.0,400,246.93,153.07
ORD-1045,2026-03-08 13:18:39.327731092,Laptop Stand,Giza,4,35.0,140,98.59,41.41
ORD-1046,2026-03-10 01:36:48.403361344,Webcam,Tanta,7,40.0,280,185.47,94.53
ORD-1047,2026-03-11 13:54:57.478991596,Keyboard,Alexandria,2,35.0,70,39.43,30.57
ORD-1048,2026-03-13 02:13:06.554621848,Webcam,Cairo,5,20.0,100,65.09,34.91
ORD-1049,2026-03-14 14:31:15.630252100,USB Hub,Alexandria,4,100.0,400,276.57,123.43
ORD-1050,2026-03-16 02:49:24.705882353,USB Hub,Cairo,4,15.0,60,34.65,25.35
ORD-1051,2026-03-17 15:07:33.781512605,USB Hub,Cairo,6,20.0,120,93.0,27.0
ORD-1052,2026-03-19 03:25:42.857142857,Wireless Mouse,Cairo,2,25.0,50,28.2,21.8
ORD-1053,2026-03-20 15:43:51.932773109,Keyboard,Mansoura,7,25.0,175,139.95,35.05
ORD-1054,2026-03-22 04:02:01.008403361,Keyboard,Mansoura,3,20.0,60,34.61,25.39
ORD-1055,2026-03-23 16:20:10.084033613,Keyboard,Mansoura,4,15.0,60,46.67,13.33
ORD-1056,2026-03-25 04:38:19.159663865,Laptop Stand,Giza,4,50.0,200,158.74,41.26
ORD-1057,2026-03-26 16:56:28.235294117,Headset,Mansoura,6,100.0,600,488.69,111.31
ORD-1058,2026-03-28 05:14:37.310924369,Laptop Stand,Cairo,4,20.0,80,61.32,18.68
ORD-1059,2026-03-29 17:32:46.386554621,USB Hub,Tanta,2,25.0,50,38.02,11.98
ORD-1060,2026-03-31 05:50:55.462184874,USB Hub,Giza,1,40.0,40,28.94,11.06
ORD-1061,2026-04-01 18:09:04.537815126,Webcam,Tanta,3,100.0,300,228.1,71.9
ORD-1062,2026-04-03 06:27:13.613445378,USB Hub,Cairo,6,50.0,300,175.9,124.1
ORD-1063,2026-04-04 18:45:22.689075630,Keyboard,Giza,1,60.0,60,41.68,18.32
ORD-1064,2026-04-06 07:03:31.764705882,Webcam,Mansoura,7,40.0,280,192.88,87.12
ORD-1065,2026-04-07 19:21:40.840336134,Keyboard,Giza,4,35.0,140,109.42,30.58
ORD-1066,2026-04-09 07:39:49.915966386,Wireless Mouse,Giza,1,20.0,20,13.5,6.5
ORD-1067,2026-04-10 19:57:58.991596638,Webcam,Cairo,3,75.0,225,147.14,77.86
ORD-1068,2026-04-12 08:16:08.067226890,Keyboard,Alexandria,4,75.0,300,216.8,83.2
ORD-1069,2026-04-13 20:34:17.142857142,Laptop Stand,Alexandria,3,15.0,45,27.99,17.01
ORD-1070,2026-04-15 08:52:26.218487394,Keyboard,Alexandria,1,60.0,60,35.26,24.74
ORD-1071,2026-04-16 21:10:35.294117646,USB Hub,Mansoura,5,15.0,75,50.93,24.07
ORD-1072,2026-04-18 09:28:44.369747898,Wireless Mouse,Mansoura,5,60.0,300,198.77,101.23
ORD-1073,2026-04-19 21:46:53.445378150,Keyboard,Mansoura,1,75.0,75,45.96,29.04
ORD-1074,2026-04-21 10:05:02.521008402,Laptop Stand,Alexandria,2,20.0,40,25.97,14.03
ORD-1075,2026-04-22 22:23:11.596638654,USB Hub,Tanta,2,35.0,70,45.42,24.58
ORD-1076,2026-04-24 10:41:20.672268908,Keyboard,Cairo,5,20.0,100,63.84,36.16
ORD-1077,2026-04-25 22:59:29.747899160,Wireless Mouse,Alexandria,6,40.0,240,156.59,83.41
ORD-1078,2026-04-27 11:17:38.823529412,Wireless Mouse,Cairo,6,100.0,600,441.09,158.91
ORD-1079,2026-04-28 23:35:47.899159664,Headset,Alexandria,7,15.0,105,66.17,38.83
ORD-1080,2026-04-30 11:53:56.974789916,USB Hub,Tanta,6,30.0,180,145.11,34.89
ORD-1081,2026-05-02 00:12:06.050420168,Webcam,Alexandria,3,100.0,300,239.22,60.78
ORD-1082,2026-05-03 12:30:15.126050420,Keyboard,Tanta,1,30.0,30,20.4,9.6
ORD-1083,2026-05-05 00:48:24.201680672,Laptop Stand,Giza,5,20.0,100,63.87,36.13
ORD-1084,2026-05-06 13:06:33.277310924,USB Hub,Mansoura,7,35.0,245,170.17,74.83
ORD-1085,2026-05-08 01:24:42.352941176,Headset,Giza,7,40.0,280,218.15,61.85
ORD-1086,2026-05-09 13:42:51.428571428,USB Hub,Alexandria,2,50.0,100,72.62,27.38
ORD-1087,2026-05-11 02:01:00.504201680,Laptop Stand,Mansoura,2,30.0,60,46.03,13.97
ORD-1088,2026-05-12 14:19:09.579831932,Wireless Mouse,Tanta,1,100.0,100,69.38,30.62
ORD-1089,2026-05-14 02:37:18.655462184,USB Hub,Alexandria,1,40.0,40,28.84,11.16
ORD-1090,2026-05-15 14:55:27.731092436,USB Hub,Mansoura,4,25.0,100,62.78,37.22
ORD-1091,2026-05-17 03:13:36.806722688,Keyboard,Alexandria,4,100.0,400,299.37,100.63
ORD-1092,2026-05-18 15:31:45.882352940,USB Hub,Mansoura,3,,300,181.39,118.61
ORD-1093,2026-05-20 03:49:54.957983192,Webcam,Mansoura,3,35.0,105,77.45,27.55
ORD-1094,2026-05-21 16:08:04.033613444,Keyboard,Giza,6,15.0,90,70.42,19.58
ORD-1095,2026-05-23 04:26:13.109243696,Webcam,Mansoura,4,40.0,160,93.71,66.29
ORD-1096,2026-05-24 16:44:22.184873948,Wireless Mouse,Alexandria,6,40.0,240,171.81,68.19
ORD-1097,2026-05-26 05:02:31.260504200,Wireless Mouse,Cairo,7,20.0,140,80.59,59.41
ORD-1098,2026-05-27 17:20:40.336134454,USB Hub,Cairo,3,50.0,150,111.89,38.11
ORD-1099,2026-05-29 05:38:49.411764706,Headset,Giza,2,75.0,150,85.92,64.08
ORD-1100,2026-05-30 17:56:58.487394958,Laptop Stand,Tanta,7,20.0,140,112.38,27.62
ORD-1101,2026-06-01 06:15:07.563025210,USB Hub,Cairo,5,60.0,300,176.13,123.87
ORD-1102,2026-06-02 18:33:16.638655462,Wireless Mouse,Giza,3,20.0,60,48.53,11.47
ORD-1103,2026-06-04 06:51:25.714285714,USB Hub,Mansoura,5,60.0,300,229.87,70.13
ORD-1104,2026-06-05 19:09:34.789915966,Laptop Stand,Alexandria,4,35.0,140,99.44,40.56
ORD-1105,2026-06-07 07:27:43.865546218,USB Hub,Mansoura,7,15.0,105,79.94,25.06
ORD-1106,2026-06-08 19:45:52.941176470,USB Hub,Alexandria,2,100.0,200,152.94,47.06
ORD-1107,2026-06-10 08:04:02.016806722,USB Hub,Tanta,7,20.0,140,112.76,27.24
ORD-1108,2026-06-11 20:22:11.092436974,Headset,Giza,7,40.0,280,173.16,106.84
ORD-1109,2026-06-13 08:40:20.168067226,Keyboard,Giza,2,20.0,40,28.37,11.63
ORD-1110,2026-06-14 20:58:29.243697478,USB Hub,Cairo,2,100.0,200,115.13,84.87
ORD-1111,2026-06-16 09:16:38.319327730,Wireless Mouse,Giza,4,60.0,240,171.93,68.07
ORD-1112,2026-06-17 21:34:47.394957982,USB Hub,Tanta,1,75.0,75,44.72,30.28
ORD-1113,2026-06-19 09:52:56.470588234,Headset,Cairo,3,35.0,105,73.77,31.23
ORD-1114,2026-06-20 22:11:05.546218486,Keyboard,Mansoura,4,35.0,140,98.64,41.36
ORD-1115,2026-06-22 10:29:14.621848738,Headset,Giza,7,50.0,350,236.54,113.46
ORD-1116,2026-06-23 22:47:23.697478990,Headset,Mansoura,7,60.0,420,290.27,129.73
ORD-1117,2026-06-25 11:05:32.773109242,Laptop Stand,Mansoura,2,75.0,150,113.44,36.56
ORD-1118,2026-06-26 23:23:41.848739494,Laptop Stand,Giza,7,15.0,105,80.41,24.59
ORD-1119,2026-06-28 11:41:50.924369748,Wireless Mouse,Alexandria,1,50.0,50,34.14,15.86
ORD-1120,2026-06-30 00:00:00.000000000,Laptop Stand,Mansoura,6,20.0,120,85.43,34.57
